waypoint1	waypoint2	distance_m	duration_s
Sector 1, Chandigarh	Sector 2, Chandigarh	3559	427
Sector 1, Chandigarh	Sector 3, Chandigarh	2032	299
Sector 1, Chandigarh	Sector 4, Chandigarh	1278	199
Sector 1, Chandigarh	Sector 5, Chandigarh	948	126
Sector 1, Chandigarh	Sector 6, Chandigarh	3430	411
Sector 1, Chandigarh	Sector 7, Chandigarh	2890	359
Sector 1, Chandigarh	Sector 8, Chandigarh	2082	269
Sector 1, Chandigarh	Sector 9, Chandigarh	2181	275
Sector 1, Chandigarh	Sector 10, Chandigarh	3144	354
Sector 1, Chandigarh	Sector 11, Chandigarh	3845	414
Sector 1, Chandigarh	Sector 12, Chandigarh	5161	638
Sector 1, Chandigarh	Sector 13, Chandigarh	6404	850
Sector 1, Chandigarh	Sector 14, Chandigarh	6513	820
Sector 1, Chandigarh	Sector 15, Chandigarh	5110	581
Sector 1, Chandigarh	Sector 16, Chandigarh	4411	492
Sector 1, Chandigarh	Sector 17, Chandigarh	4375	510
Sector 1, Chandigarh	Sector 18, Chandigarh	3693	506
Sector 1, Chandigarh	Sector 19, Chandigarh	3885	496
Sector 1, Chandigarh	Sector 20, Chandigarh	5543	786
Sector 1, Chandigarh	Sector 21, Chandigarh	4868	726
Sector 1, Chandigarh	Sector 22, Chandigarh	4753	730
Sector 1, Chandigarh	Sector 23, Chandigarh	5988	680
Sector 1, Chandigarh	Sector 24, Chandigarh	6515	780
Sector 1, Chandigarh	Sector 25, Chandigarh	7480	893
Sector 1, Chandigarh	Sector 26, Chandigarh	3252	408
Sector 1, Chandigarh	Sector 27, Chandigarh	4679	595
Sector 1, Chandigarh	Sector 28, Chandigarh	5362	695
Sector 1, Chandigarh	Sector 29, Chandigarh	6838	835
Sector 1, Chandigarh	Sector 30, Chandigarh	6087	782
Sector 1, Chandigarh	Sector 31, Chandigarh	8670	1120
Sector 1, Chandigarh	Sector 32, Chandigarh	7424	970
Sector 1, Chandigarh	Sector 33, Chandigarh	7357	1002
Sector 1, Chandigarh	Sector 34, Chandigarh	6218	937
Sector 1, Chandigarh	Sector 35, Chandigarh	7123	873
Sector 1, Chandigarh	Sector 36, Chandigarh	7406	903
Sector 1, Chandigarh	Sector 37, Chandigarh	7917	961
Sector 1, Chandigarh	Sector 38, Chandigarh	9100	1080
Sector 1, Chandigarh	Sector 39, Chandigarh	10689	1240
Sector 1, Chandigarh	Sector 40, Chandigarh	9852	1148
Sector 1, Chandigarh	Sector 41, Chandigarh	9386	1120
Sector 1, Chandigarh	Sector 42, Chandigarh	8713	1052
Sector 1, Chandigarh	Sector 43, Chandigarh	8514	1060
Sector 1, Chandigarh	Sector 44, Chandigarh	7736	1194
Sector 1, Chandigarh	Sector 45, Chandigarh	8139	1115
Sector 2, Chandigarh	Sector 3, Chandigarh	1408	243
Sector 2, Chandigarh	Sector 4, Chandigarh	2280	285
Sector 2, Chandigarh	Sector 5, Chandigarh	3011	353
Sector 2, Chandigarh	Sector 6, Chandigarh	5030	575
Sector 7, Chandigarh	Sector 2, Chandigarh	4491	523
Sector 2, Chandigarh	Sector 8, Chandigarh	3392	425
Sector 2, Chandigarh	Sector 9, Chandigarh	2659	352
Sector 2, Chandigarh	Sector 10, Chandigarh	1824	252
Sector 2, Chandigarh	Sector 11, Chandigarh	1649	215
Sector 12, Chandigarh	Sector 2, Chandigarh	2218	360
Sector 2, Chandigarh	Sector 13, Chandigarh	8004	1014
Sector 2, Chandigarh	Sector 14, Chandigarh	3445	567
Sector 15, Chandigarh	Sector 2, Chandigarh	2913	382
Sector 16, Chandigarh	Sector 2, Chandigarh	3318	442
Sector 17, Chandigarh	Sector 2, Chandigarh	3909	481
Sector 2, Chandigarh	Sector 18, Chandigarh	4929	642
Sector 2, Chandigarh	Sector 19, Chandigarh	5486	660
Sector 20, Chandigarh	Sector 2, Chandigarh	7143	950
Sector 21, Chandigarh	Sector 2, Chandigarh	6199	835
Sector 22, Chandigarh	Sector 2, Chandigarh	5540	743
Sector 2, Chandigarh	Sector 23, Chandigarh	4439	558
Sector 2, Chandigarh	Sector 24, Chandigarh	4318	581
Sector 25, Chandigarh	Sector 2, Chandigarh	5283	694
Sector 26, Chandigarh	Sector 2, Chandigarh	4852	572
Sector 27, Chandigarh	Sector 2, Chandigarh	6279	759
Sector 2, Chandigarh	Sector 28, Chandigarh	6963	859
Sector 29, Chandigarh	Sector 2, Chandigarh	8439	999
Sector 2, Chandigarh	Sector 30, Chandigarh	7687	946
Sector 2, Chandigarh	Sector 31, Chandigarh	10270	1284
Sector 2, Chandigarh	Sector 32, Chandigarh	9025	1134
Sector 33, Chandigarh	Sector 2, Chandigarh	8958	1166
Sector 34, Chandigarh	Sector 2, Chandigarh	7583	996
Sector 35, Chandigarh	Sector 2, Chandigarh	6657	844
Sector 36, Chandigarh	Sector 2, Chandigarh	5691	737
Sector 37, Chandigarh	Sector 2, Chandigarh	5720	763
Sector 2, Chandigarh	Sector 38, Chandigarh	6903	881
Sector 2, Chandigarh	Sector 39, Chandigarh	8492	1041
Sector 40, Chandigarh	Sector 2, Chandigarh	7656	949
Sector 2, Chandigarh	Sector 41, Chandigarh	7189	921
Sector 42, Chandigarh	Sector 2, Chandigarh	7401	909
Sector 43, Chandigarh	Sector 2, Chandigarh	7997	1042
Sector 2, Chandigarh	Sector 44, Chandigarh	9048	1212
Sector 2, Chandigarh	Sector 45, Chandigarh	9719	1246
Sector 3, Chandigarh	Sector 4, Chandigarh	1172	215
Sector 5, Chandigarh	Sector 3, Chandigarh	1889	282
Sector 6, Chandigarh	Sector 3, Chandigarh	4427	528
Sector 7, Chandigarh	Sector 3, Chandigarh	3888	476
Sector 3, Chandigarh	Sector 8, Chandigarh	2789	377
Sector 9, Chandigarh	Sector 3, Chandigarh	2056	305
Sector 3, Chandigarh	Sector 10, Chandigarh	2075	278
Sector 3, Chandigarh	Sector 11, Chandigarh	2308	282
Sector 12, Chandigarh	Sector 3, Chandigarh	3624	506
Sector 13, Chandigarh	Sector 3, Chandigarh	7401	967
Sector 14, Chandigarh	Sector 3, Chandigarh	4976	688
Sector 15, Chandigarh	Sector 3, Chandigarh	3573	449
Sector 16, Chandigarh	Sector 3, Chandigarh	3342	416
Sector 17, Chandigarh	Sector 3, Chandigarh	3306	434
Sector 18, Chandigarh	Sector 3, Chandigarh	4326	594
Sector 3, Chandigarh	Sector 19, Chandigarh	4883	613
Sector 20, Chandigarh	Sector 3, Chandigarh	6541	903
Sector 21, Chandigarh	Sector 3, Chandigarh	5597	788
Sector 22, Chandigarh	Sector 3, Chandigarh	4938	696
Sector 23, Chandigarh	Sector 3, Chandigarh	4919	604
Sector 3, Chandigarh	Sector 24, Chandigarh	4977	648
Sector 25, Chandigarh	Sector 3, Chandigarh	5943	761
Sector 26, Chandigarh	Sector 3, Chandigarh	4249	525
Sector 27, Chandigarh	Sector 3, Chandigarh	5677	712
Sector 28, Chandigarh	Sector 3, Chandigarh	6360	812
Sector 29, Chandigarh	Sector 3, Chandigarh	7836	952
Sector 3, Chandigarh	Sector 30, Chandigarh	7085	899
Sector 3, Chandigarh	Sector 31, Chandigarh	9667	1237
Sector 3, Chandigarh	Sector 32, Chandigarh	8422	1086
Sector 33, Chandigarh	Sector 3, Chandigarh	8355	1119
Sector 34, Chandigarh	Sector 3, Chandigarh	6981	948
Sector 35, Chandigarh	Sector 3, Chandigarh	6054	797
Sector 36, Chandigarh	Sector 3, Chandigarh	6350	804
Sector 37, Chandigarh	Sector 3, Chandigarh	6379	829
Sector 38, Chandigarh	Sector 3, Chandigarh	7562	948
Sector 39, Chandigarh	Sector 3, Chandigarh	9151	1108
Sector 40, Chandigarh	Sector 3, Chandigarh	8315	1016
Sector 3, Chandigarh	Sector 41, Chandigarh	7848	988
Sector 42, Chandigarh	Sector 3, Chandigarh	8060	976
Sector 43, Chandigarh	Sector 3, Chandigarh	7445	983
Sector 44, Chandigarh	Sector 3, Chandigarh	8482	1147
Sector 3, Chandigarh	Sector 45, Chandigarh	9154	1181
Sector 5, Chandigarh	Sector 4, Chandigarh	1184	142
Sector 6, Chandigarh	Sector 4, Chandigarh	3203	364
Sector 7, Chandigarh	Sector 4, Chandigarh	2663	312
Sector 8, Chandigarh	Sector 4, Chandigarh	1565	213
Sector 9, Chandigarh	Sector 4, Chandigarh	948	157
Sector 10, Chandigarh	Sector 4, Chandigarh	1864	227
Sector 11, Chandigarh	Sector 4, Chandigarh	2566	287
Sector 12, Chandigarh	Sector 4, Chandigarh	3882	511
Sector 13, Chandigarh	Sector 4, Chandigarh	6177	803
Sector 14, Chandigarh	Sector 4, Chandigarh	5234	693
Sector 15, Chandigarh	Sector 4, Chandigarh	3831	454
Sector 16, Chandigarh	Sector 4, Chandigarh	3132	365
Sector 17, Chandigarh	Sector 4, Chandigarh	3095	383
Sector 18, Chandigarh	Sector 4, Chandigarh	3175	450
Sector 19, Chandigarh	Sector 4, Chandigarh	3658	449
Sector 20, Chandigarh	Sector 4, Chandigarh	5316	739
Sector 21, Chandigarh	Sector 4, Chandigarh	4351	671
Sector 22, Chandigarh	Sector 4, Chandigarh	4727	645
Sector 23, Chandigarh	Sector 4, Chandigarh	4709	553
Sector 24, Chandigarh	Sector 4, Chandigarh	5236	653
Sector 25, Chandigarh	Sector 4, Chandigarh	6201	766
Sector 26, Chandigarh	Sector 4, Chandigarh	3025	361
Sector 27, Chandigarh	Sector 4, Chandigarh	4452	548
Sector 28, Chandigarh	Sector 4, Chandigarh	5135	648
Sector 29, Chandigarh	Sector 4, Chandigarh	6611	788
Sector 30, Chandigarh	Sector 4, Chandigarh	5860	735
Sector 31, Chandigarh	Sector 4, Chandigarh	8443	1073
Sector 32, Chandigarh	Sector 4, Chandigarh	7197	922
Sector 33, Chandigarh	Sector 4, Chandigarh	7131	955
Sector 34, Chandigarh	Sector 4, Chandigarh	5700	881
Sector 35, Chandigarh	Sector 4, Chandigarh	5844	746
Sector 36, Chandigarh	Sector 4, Chandigarh	6127	775
Sector 37, Chandigarh	Sector 4, Chandigarh	6637	834
Sector 38, Chandigarh	Sector 4, Chandigarh	7820	953
Sector 39, Chandigarh	Sector 4, Chandigarh	9409	1113
Sector 40, Chandigarh	Sector 4, Chandigarh	8573	1021
Sector 41, Chandigarh	Sector 4, Chandigarh	8106	993
Sector 42, Chandigarh	Sector 4, Chandigarh	7433	925
Sector 43, Chandigarh	Sector 4, Chandigarh	7234	932
Sector 44, Chandigarh	Sector 4, Chandigarh	8272	1096
Sector 45, Chandigarh	Sector 4, Chandigarh	7912	1068
Sector 5, Chandigarh	Sector 6, Chandigarh	2469	283
Sector 7, Chandigarh	Sector 5, Chandigarh	1930	232
Sector 5, Chandigarh	Sector 8, Chandigarh	1535	202
Sector 5, Chandigarh	Sector 9, Chandigarh	1634	207
Sector 5, Chandigarh	Sector 10, Chandigarh	2596	287
Sector 5, Chandigarh	Sector 11, Chandigarh	3298	347
Sector 12, Chandigarh	Sector 5, Chandigarh	4614	571
Sector 5, Chandigarh	Sector 13, Chandigarh	5443	722
Sector 5, Chandigarh	Sector 14, Chandigarh	5966	753
Sector 15, Chandigarh	Sector 5, Chandigarh	4563	514
Sector 16, Chandigarh	Sector 5, Chandigarh	3864	424
Sector 17, Chandigarh	Sector 5, Chandigarh	3828	443
Sector 5, Chandigarh	Sector 18, Chandigarh	2980	393
Sector 5, Chandigarh	Sector 19, Chandigarh	2925	369
Sector 20, Chandigarh	Sector 5, Chandigarh	4583	658
Sector 21, Chandigarh	Sector 5, Chandigarh	4321	659
Sector 22, Chandigarh	Sector 5, Chandigarh	4206	663
Sector 5, Chandigarh	Sector 23, Chandigarh	5441	612
Sector 5, Chandigarh	Sector 24, Chandigarh	5968	713
Sector 25, Chandigarh	Sector 5, Chandigarh	6933	825
Sector 26, Chandigarh	Sector 5, Chandigarh	2291	281
Sector 27, Chandigarh	Sector 5, Chandigarh	3719	468
Sector 5, Chandigarh	Sector 28, Chandigarh	4402	567
Sector 29, Chandigarh	Sector 5, Chandigarh	5878	708
Sector 5, Chandigarh	Sector 30, Chandigarh	5126	654
Sector 5, Chandigarh	Sector 31, Chandigarh	7709	992
Sector 5, Chandigarh	Sector 32, Chandigarh	6464	842
Sector 33, Chandigarh	Sector 5, Chandigarh	6397	874
Sector 34, Chandigarh	Sector 5, Chandigarh	5842	849
Sector 35, Chandigarh	Sector 5, Chandigarh	6576	806
Sector 36, Chandigarh	Sector 5, Chandigarh	6859	835
Sector 37, Chandigarh	Sector 5, Chandigarh	7370	894
Sector 5, Chandigarh	Sector 38, Chandigarh	8553	1012
Sector 5, Chandigarh	Sector 39, Chandigarh	10142	1173
Sector 40, Chandigarh	Sector 5, Chandigarh	9305	1081
Sector 5, Chandigarh	Sector 41, Chandigarh	8838	1053
Sector 42, Chandigarh	Sector 5, Chandigarh	8166	985
Sector 43, Chandigarh	Sector 5, Chandigarh	7966	992
Sector 5, Chandigarh	Sector 44, Chandigarh	7489	1059
Sector 5, Chandigarh	Sector 45, Chandigarh	7178	987
Sector 7, Chandigarh	Sector 6, Chandigarh	2245	314
Sector 6, Chandigarh	Sector 8, Chandigarh	2744	349
Sector 6, Chandigarh	Sector 9, Chandigarh	3665	435
Sector 6, Chandigarh	Sector 10, Chandigarh	4627	515
Sector 6, Chandigarh	Sector 11, Chandigarh	5329	575
Sector 12, Chandigarh	Sector 6, Chandigarh	6645	798
Sector 6, Chandigarh	Sector 13, Chandigarh	3884	567
Sector 6, Chandigarh	Sector 14, Chandigarh	7997	981
Sector 15, Chandigarh	Sector 6, Chandigarh	6594	742
Sector 16, Chandigarh	Sector 6, Chandigarh	5895	652
Sector 17, Chandigarh	Sector 6, Chandigarh	5859	671
Sector 6, Chandigarh	Sector 18, Chandigarh	4050	526
Sector 6, Chandigarh	Sector 19, Chandigarh	3995	501
Sector 20, Chandigarh	Sector 6, Chandigarh	4811	771
Sector 21, Chandigarh	Sector 6, Chandigarh	5911	807
Sector 22, Chandigarh	Sector 6, Chandigarh	6210	834
Sector 6, Chandigarh	Sector 23, Chandigarh	7472	840
Sector 6, Chandigarh	Sector 24, Chandigarh	7999	941
Sector 25, Chandigarh	Sector 6, Chandigarh	8964	1053
Sector 26, Chandigarh	Sector 6, Chandigarh	1748	234
Sector 27, Chandigarh	Sector 6, Chandigarh	3161	481
Sector 6, Chandigarh	Sector 28, Chandigarh	3104	445
Sector 29, Chandigarh	Sector 6, Chandigarh	4333	582
Sector 6, Chandigarh	Sector 30, Chandigarh	4688	612
Sector 6, Chandigarh	Sector 31, Chandigarh	6164	866
Sector 6, Chandigarh	Sector 32, Chandigarh	6548	860
Sector 33, Chandigarh	Sector 6, Chandigarh	6481	892
Sector 34, Chandigarh	Sector 6, Chandigarh	6912	981
Sector 35, Chandigarh	Sector 6, Chandigarh	8607	1034
Sector 36, Chandigarh	Sector 6, Chandigarh	8890	1063
Sector 37, Chandigarh	Sector 6, Chandigarh	9400	1122
Sector 6, Chandigarh	Sector 38, Chandigarh	10583	1240
Sector 6, Chandigarh	Sector 39, Chandigarh	12172	1401
Sector 40, Chandigarh	Sector 6, Chandigarh	11336	1308
Sector 6, Chandigarh	Sector 41, Chandigarh	10869	1281
Sector 42, Chandigarh	Sector 6, Chandigarh	10196	1213
Sector 43, Chandigarh	Sector 6, Chandigarh	9136	1232
Sector 6, Chandigarh	Sector 44, Chandigarh	8559	1192
Sector 6, Chandigarh	Sector 45, Chandigarh	8248	1120
Sector 7, Chandigarh	Sector 8, Chandigarh	1312	200
Sector 7, Chandigarh	Sector 9, Chandigarh	2213	299
Sector 7, Chandigarh	Sector 10, Chandigarh	3991	447
Sector 7, Chandigarh	Sector 11, Chandigarh	4693	506
Sector 7, Chandigarh	Sector 12, Chandigarh	6009	730
Sector 7, Chandigarh	Sector 13, Chandigarh	4380	714
Sector 7, Chandigarh	Sector 14, Chandigarh	5739	833
Sector 7, Chandigarh	Sector 15, Chandigarh	4314	589
Sector 7, Chandigarh	Sector 16, Chandigarh	3572	498
Sector 7, Chandigarh	Sector 17, Chandigarh	3536	517
Sector 7, Chandigarh	Sector 18, Chandigarh	1819	300
Sector 7, Chandigarh	Sector 19, Chandigarh	1763	276
Sector 7, Chandigarh	Sector 20, Chandigarh	3421	565
Sector 7, Chandigarh	Sector 21, Chandigarh	3679	581
Sector 7, Chandigarh	Sector 22, Chandigarh	3979	608
Sector 7, Chandigarh	Sector 23, Chandigarh	5149	686
Sector 7, Chandigarh	Sector 24, Chandigarh	5719	788
Sector 7, Chandigarh	Sector 25, Chandigarh	6684	900
Sector 7, Chandigarh	Sector 26, Chandigarh	1230	212
Sector 7, Chandigarh	Sector 27, Chandigarh	1758	306
Sector 7, Chandigarh	Sector 28, Chandigarh	2657	408
Sector 7, Chandigarh	Sector 29, Chandigarh	3886	545
Sector 7, Chandigarh	Sector 30, Chandigarh	3159	513
Sector 7, Chandigarh	Sector 31, Chandigarh	5717	830
Sector 7, Chandigarh	Sector 32, Chandigarh	4496	700
Sector 7, Chandigarh	Sector 33, Chandigarh	4430	732
Sector 7, Chandigarh	Sector 34, Chandigarh	4681	756
Sector 7, Chandigarh	Sector 35, Chandigarh	6284	879
Sector 7, Chandigarh	Sector 36, Chandigarh	6567	909
Sector 7, Chandigarh	Sector 37, Chandigarh	7121	969
Sector 7, Chandigarh	Sector 38, Chandigarh	8304	1087
Sector 7, Chandigarh	Sector 39, Chandigarh	9893	1248
Sector 7, Chandigarh	Sector 40, Chandigarh	9057	1155
Sector 7, Chandigarh	Sector 41, Chandigarh	8590	1128
Sector 7, Chandigarh	Sector 42, Chandigarh	7874	1059
Sector 7, Chandigarh	Sector 43, Chandigarh	6905	1006
Sector 7, Chandigarh	Sector 44, Chandigarh	6328	966
Sector 7, Chandigarh	Sector 45, Chandigarh	6017	894
Sector 9, Chandigarh	Sector 8, Chandigarh	1137	178
Sector 10, Chandigarh	Sector 8, Chandigarh	2909	339
Sector 11, Chandigarh	Sector 8, Chandigarh	3611	398
Sector 12, Chandigarh	Sector 8, Chandigarh	4927	622
Sector 13, Chandigarh	Sector 8, Chandigarh	5792	785
Sector 14, Chandigarh	Sector 8, Chandigarh	5435	780
Sector 15, Chandigarh	Sector 8, Chandigarh	4010	535
Sector 16, Chandigarh	Sector 8, Chandigarh	3267	445
Sector 17, Chandigarh	Sector 8, Chandigarh	3231	463
Sector 18, Chandigarh	Sector 8, Chandigarh	2359	353
Sector 19, Chandigarh	Sector 8, Chandigarh	2304	329
Sector 20, Chandigarh	Sector 8, Chandigarh	3961	618
Sector 21, Chandigarh	Sector 8, Chandigarh	3824	630
Sector 22, Chandigarh	Sector 8, Chandigarh	3709	634
Sector 23, Chandigarh	Sector 8, Chandigarh	4844	633
Sector 24, Chandigarh	Sector 8, Chandigarh	5415	734
Sector 25, Chandigarh	Sector 8, Chandigarh	6380	847
Sector 26, Chandigarh	Sector 8, Chandigarh	1792	283
Sector 27, Chandigarh	Sector 8, Chandigarh	3097	428
Sector 28, Chandigarh	Sector 8, Chandigarh	4025	553
Sector 29, Chandigarh	Sector 8, Chandigarh	5257	668
Sector 30, Chandigarh	Sector 8, Chandigarh	4505	614
Sector 31, Chandigarh	Sector 8, Chandigarh	7088	952
Sector 32, Chandigarh	Sector 8, Chandigarh	5843	802
Sector 33, Chandigarh	Sector 8, Chandigarh	5776	834
Sector 34, Chandigarh	Sector 8, Chandigarh	5221	809
Sector 35, Chandigarh	Sector 8, Chandigarh	5980	826
Sector 36, Chandigarh	Sector 8, Chandigarh	6262	856
Sector 37, Chandigarh	Sector 8, Chandigarh	6816	915
Sector 38, Chandigarh	Sector 8, Chandigarh	7999	1034
Sector 39, Chandigarh	Sector 8, Chandigarh	9588	1194
Sector 40, Chandigarh	Sector 8, Chandigarh	8752	1102
Sector 41, Chandigarh	Sector 8, Chandigarh	8285	1074
Sector 42, Chandigarh	Sector 8, Chandigarh	7569	1005
Sector 43, Chandigarh	Sector 8, Chandigarh	7370	1013
Sector 44, Chandigarh	Sector 8, Chandigarh	6868	1019
Sector 45, Chandigarh	Sector 8, Chandigarh	6557	948
Sector 9, Chandigarh	Sector 10, Chandigarh	964	168
Sector 9, Chandigarh	Sector 11, Chandigarh	1823	302
Sector 12, Chandigarh	Sector 9, Chandigarh	3208	528
Sector 13, Chandigarh	Sector 9, Chandigarh	6695	863
Sector 14, Chandigarh	Sector 9, Chandigarh	4399	640
Sector 15, Chandigarh	Sector 9, Chandigarh	2974	396
Sector 16, Chandigarh	Sector 9, Chandigarh	2232	305
Sector 17, Chandigarh	Sector 9, Chandigarh	2196	324
Sector 18, Chandigarh	Sector 9, Chandigarh	2291	367
Sector 9, Chandigarh	Sector 19, Chandigarh	2758	395
Sector 20, Chandigarh	Sector 9, Chandigarh	4416	685
Sector 21, Chandigarh	Sector 9, Chandigarh	3466	587
Sector 22, Chandigarh	Sector 9, Chandigarh	3351	591
Sector 23, Chandigarh	Sector 9, Chandigarh	3809	493
Sector 9, Chandigarh	Sector 24, Chandigarh	4379	594
Sector 25, Chandigarh	Sector 9, Chandigarh	5344	707
Sector 26, Chandigarh	Sector 9, Chandigarh	2692	378
Sector 27, Chandigarh	Sector 9, Chandigarh	3582	511
Sector 28, Chandigarh	Sector 9, Chandigarh	4510	636
Sector 29, Chandigarh	Sector 9, Chandigarh	5711	734
Sector 9, Chandigarh	Sector 30, Chandigarh	4960	681
Sector 9, Chandigarh	Sector 31, Chandigarh	7542	1019
Sector 9, Chandigarh	Sector 32, Chandigarh	6297	869
Sector 33, Chandigarh	Sector 9, Chandigarh	6230	901
Sector 34, Chandigarh	Sector 9, Chandigarh	4816	798
Sector 35, Chandigarh	Sector 9, Chandigarh	4944	686
Sector 36, Chandigarh	Sector 9, Chandigarh	5227	716
Sector 37, Chandigarh	Sector 9, Chandigarh	5781	776
Sector 38, Chandigarh	Sector 9, Chandigarh	6964	894
Sector 39, Chandigarh	Sector 9, Chandigarh	8553	1054
Sector 40, Chandigarh	Sector 9, Chandigarh	7716	962
Sector 9, Chandigarh	Sector 41, Chandigarh	7250	935
Sector 42, Chandigarh	Sector 9, Chandigarh	6533	866
Sector 43, Chandigarh	Sector 9, Chandigarh	6334	873
Sector 44, Chandigarh	Sector 9, Chandigarh	6334	1054
Sector 9, Chandigarh	Sector 45, Chandigarh	7011	1014
Sector 10, Chandigarh	Sector 11, Chandigarh	858	134
Sector 12, Chandigarh	Sector 10, Chandigarh	2244	360
Sector 13, Chandigarh	Sector 10, Chandigarh	7620	952
Sector 14, Chandigarh	Sector 10, Chandigarh	3526	540
Sector 15, Chandigarh	Sector 10, Chandigarh	2123	301
Sector 16, Chandigarh	Sector 10, Chandigarh	2108	260
Sector 17, Chandigarh	Sector 10, Chandigarh	2071	279
Sector 18, Chandigarh	Sector 10, Chandigarh	3092	439
Sector 19, Chandigarh	Sector 10, Chandigarh	3601	493
Sector 20, Chandigarh	Sector 10, Chandigarh	5190	772
Sector 21, Chandigarh	Sector 10, Chandigarh	4362	633
Sector 22, Chandigarh	Sector 10, Chandigarh	3703	540
Sector 23, Chandigarh	Sector 10, Chandigarh	3684	448
Sector 24, Chandigarh	Sector 10, Chandigarh	3528	500
Sector 25, Chandigarh	Sector 10, Chandigarh	4493	613
Sector 26, Chandigarh	Sector 10, Chandigarh	4468	510
Sector 27, Chandigarh	Sector 10, Chandigarh	4425	609
Sector 28, Chandigarh	Sector 10, Chandigarh	5353	734
Sector 29, Chandigarh	Sector 10, Chandigarh	6554	832
Sector 30, Chandigarh	Sector 10, Chandigarh	5803	779
Sector 10, Chandigarh	Sector 31, Chandigarh	8386	1117
Sector 32, Chandigarh	Sector 10, Chandigarh	7036	957
Sector 33, Chandigarh	Sector 10, Chandigarh	6969	989
Sector 34, Chandigarh	Sector 10, Chandigarh	5746	793
Sector 35, Chandigarh	Sector 10, Chandigarh	4820	642
Sector 36, Chandigarh	Sector 10, Chandigarh	4900	656
Sector 37, Chandigarh	Sector 10, Chandigarh	4930	681
Sector 38, Chandigarh	Sector 10, Chandigarh	6113	800
Sector 39, Chandigarh	Sector 10, Chandigarh	7702	960
Sector 40, Chandigarh	Sector 10, Chandigarh	6865	868
Sector 10, Chandigarh	Sector 41, Chandigarh	6398	840
Sector 42, Chandigarh	Sector 10, Chandigarh	6611	828
Sector 43, Chandigarh	Sector 10, Chandigarh	6210	828
Sector 44, Chandigarh	Sector 10, Chandigarh	7248	992
Sector 45, Chandigarh	Sector 10, Chandigarh	7919	1026
Sector 12, Chandigarh	Sector 11, Chandigarh	1385	226
Sector 13, Chandigarh	Sector 11, Chandigarh	8301	1006
Sector 14, Chandigarh	Sector 11, Chandigarh	2612	433
Sector 15, Chandigarh	Sector 11, Chandigarh	1861	246
Sector 16, Chandigarh	Sector 11, Chandigarh	2266	306
Sector 17, Chandigarh	Sector 11, Chandigarh	2868	355
Sector 18, Chandigarh	Sector 11, Chandigarh	3889	516
Sector 19, Chandigarh	Sector 11, Chandigarh	4399	569
Sector 20, Chandigarh	Sector 11, Chandigarh	5987	849
Sector 21, Chandigarh	Sector 11, Chandigarh	5159	709
Sector 22, Chandigarh	Sector 11, Chandigarh	4500	617
Sector 23, Chandigarh	Sector 11, Chandigarh	3387	422
Sector 24, Chandigarh	Sector 11, Chandigarh	3266	445
Sector 25, Chandigarh	Sector 11, Chandigarh	4231	558
Sector 26, Chandigarh	Sector 11, Chandigarh	5149	564
Sector 27, Chandigarh	Sector 11, Chandigarh	5223	685
Sector 28, Chandigarh	Sector 11, Chandigarh	6151	810
Sector 29, Chandigarh	Sector 11, Chandigarh	7352	909
Sector 30, Chandigarh	Sector 11, Chandigarh	6600	855
Sector 11, Chandigarh	Sector 31, Chandigarh	9183	1193
Sector 32, Chandigarh	Sector 11, Chandigarh	7833	1033
Sector 33, Chandigarh	Sector 11, Chandigarh	7766	1065
Sector 34, Chandigarh	Sector 11, Chandigarh	6543	870
Sector 35, Chandigarh	Sector 11, Chandigarh	5617	718
Sector 36, Chandigarh	Sector 11, Chandigarh	4638	601
Sector 37, Chandigarh	Sector 11, Chandigarh	4668	626
Sector 38, Chandigarh	Sector 11, Chandigarh	5851	745
Sector 39, Chandigarh	Sector 11, Chandigarh	7440	905
Sector 40, Chandigarh	Sector 11, Chandigarh	6603	813
Sector 11, Chandigarh	Sector 41, Chandigarh	6137	785
Sector 42, Chandigarh	Sector 11, Chandigarh	6349	773
Sector 43, Chandigarh	Sector 11, Chandigarh	6945	906
Sector 44, Chandigarh	Sector 11, Chandigarh	7996	1076
Sector 45, Chandigarh	Sector 11, Chandigarh	8667	1110
Sector 12, Chandigarh	Sector 13, Chandigarh	9680	1270
Sector 12, Chandigarh	Sector 14, Chandigarh	2778	501
Sector 12, Chandigarh	Sector 15, Chandigarh	2970	479
Sector 16, Chandigarh	Sector 12, Chandigarh	3375	538
Sector 17, Chandigarh	Sector 12, Chandigarh	4001	598
Sector 12, Chandigarh	Sector 18, Chandigarh	5021	758
Sector 12, Chandigarh	Sector 19, Chandigarh	5531	812
Sector 12, Chandigarh	Sector 20, Chandigarh	7120	1091
Sector 21, Chandigarh	Sector 12, Chandigarh	6292	951
Sector 22, Chandigarh	Sector 12, Chandigarh	5633	859
Sector 12, Chandigarh	Sector 23, Chandigarh	4496	654
Sector 12, Chandigarh	Sector 24, Chandigarh	4375	677
Sector 25, Chandigarh	Sector 12, Chandigarh	4084	556
Sector 26, Chandigarh	Sector 12, Chandigarh	6528	828
Sector 12, Chandigarh	Sector 27, Chandigarh	6355	927
Sector 12, Chandigarh	Sector 28, Chandigarh	7283	1053
Sector 29, Chandigarh	Sector 12, Chandigarh	8484	1151
Sector 12, Chandigarh	Sector 30, Chandigarh	7733	1097
Sector 12, Chandigarh	Sector 31, Chandigarh	10316	1435
Sector 12, Chandigarh	Sector 32, Chandigarh	8966	1275
Sector 12, Chandigarh	Sector 33, Chandigarh	8899	1307
Sector 12, Chandigarh	Sector 34, Chandigarh	7676	1112
Sector 35, Chandigarh	Sector 12, Chandigarh	6750	960
Sector 12, Chandigarh	Sector 36, Chandigarh	5748	833
Sector 12, Chandigarh	Sector 37, Chandigarh	6499	827
Sector 12, Chandigarh	Sector 38, Chandigarh	5289	721
Sector 12, Chandigarh	Sector 39, Chandigarh	6429	840
Sector 12, Chandigarh	Sector 40, Chandigarh	6326	865
Sector 12, Chandigarh	Sector 41, Chandigarh	7702	997
Sector 42, Chandigarh	Sector 12, Chandigarh	7458	1006
Sector 43, Chandigarh	Sector 12, Chandigarh	8054	1138
Sector 12, Chandigarh	Sector 44, Chandigarh	9105	1308
Sector 12, Chandigarh	Sector 45, Chandigarh	9776	1343
Sector 14, Chandigarh	Sector 13, Chandigarh	10958	1443
Sector 15, Chandigarh	Sector 13, Chandigarh	9555	1205
Sector 16, Chandigarh	Sector 13, Chandigarh	8856	1115
Sector 17, Chandigarh	Sector 13, Chandigarh	8820	1134
Sector 18, Chandigarh	Sector 13, Chandigarh	6146	953
Sector 13, Chandigarh	Sector 19, Chandigarh	5696	903
Sector 20, Chandigarh	Sector 13, Chandigarh	6934	1067
Sector 21, Chandigarh	Sector 13, Chandigarh	8010	1197
Sector 22, Chandigarh	Sector 13, Chandigarh	8325	1234
Sector 23, Chandigarh	Sector 13, Chandigarh	10433	1303
Sector 13, Chandigarh	Sector 24, Chandigarh	10960	1403
Sector 25, Chandigarh	Sector 13, Chandigarh	11925	1516
Sector 26, Chandigarh	Sector 13, Chandigarh	3208	524
Sector 27, Chandigarh	Sector 13, Chandigarh	4760	783
Sector 28, Chandigarh	Sector 13, Chandigarh	4437	714
Sector 29, Chandigarh	Sector 13, Chandigarh	5793	872
Sector 13, Chandigarh	Sector 30, Chandigarh	6148	902
Sector 13, Chandigarh	Sector 31, Chandigarh	7153	1151
Sector 13, Chandigarh	Sector 32, Chandigarh	8008	1150
Sector 33, Chandigarh	Sector 13, Chandigarh	7941	1182
Sector 34, Chandigarh	Sector 13, Chandigarh	9001	1349
Sector 35, Chandigarh	Sector 13, Chandigarh	10036	1492
Sector 36, Chandigarh	Sector 13, Chandigarh	11851	1526
Sector 37, Chandigarh	Sector 13, Chandigarh	12362	1585
Sector 38, Chandigarh	Sector 13, Chandigarh	13544	1703
Sector 39, Chandigarh	Sector 13, Chandigarh	15133	1863
Sector 40, Chandigarh	Sector 13, Chandigarh	14297	1771
Sector 13, Chandigarh	Sector 41, Chandigarh	13830	1743
Sector 42, Chandigarh	Sector 13, Chandigarh	12331	1665
Sector 43, Chandigarh	Sector 13, Chandigarh	11265	1580
Sector 44, Chandigarh	Sector 13, Chandigarh	10688	1539
Sector 13, Chandigarh	Sector 45, Chandigarh	9963	1438
Sector 15, Chandigarh	Sector 14, Chandigarh	1685	364
Sector 16, Chandigarh	Sector 14, Chandigarh	3474	485
Sector 17, Chandigarh	Sector 14, Chandigarh	3817	552
Sector 14, Chandigarh	Sector 18, Chandigarh	5388	807
Sector 14, Chandigarh	Sector 19, Chandigarh	5790	866
Sector 20, Chandigarh	Sector 14, Chandigarh	6204	969
Sector 21, Chandigarh	Sector 14, Chandigarh	5249	813
Sector 22, Chandigarh	Sector 14, Chandigarh	4590	720
Sector 14, Chandigarh	Sector 23, Chandigarh	3486	481
Sector 14, Chandigarh	Sector 24, Chandigarh	2990	499
Sector 25, Chandigarh	Sector 14, Chandigarh	1777	295
Sector 26, Chandigarh	Sector 14, Chandigarh	8182	1036
Sector 27, Chandigarh	Sector 14, Chandigarh	6713	989
Sector 14, Chandigarh	Sector 28, Chandigarh	7643	1071
Sector 29, Chandigarh	Sector 14, Chandigarh	7517	1029
Sector 14, Chandigarh	Sector 30, Chandigarh	6766	976
Sector 14, Chandigarh	Sector 31, Chandigarh	9348	1314
Sector 14, Chandigarh	Sector 32, Chandigarh	8083	1142
Sector 33, Chandigarh	Sector 14, Chandigarh	7741	1143
Sector 34, Chandigarh	Sector 14, Chandigarh	6621	956
Sector 35, Chandigarh	Sector 14, Chandigarh	5679	789
Sector 36, Chandigarh	Sector 14, Chandigarh	4649	660
Sector 37, Chandigarh	Sector 14, Chandigarh	4255	625
Sector 14, Chandigarh	Sector 38, Chandigarh	3684	538
Sector 14, Chandigarh	Sector 39, Chandigarh	4825	657
Sector 40, Chandigarh	Sector 14, Chandigarh	5009	690
Sector 14, Chandigarh	Sector 41, Chandigarh	5458	794
Sector 42, Chandigarh	Sector 14, Chandigarh	6376	822
Sector 43, Chandigarh	Sector 14, Chandigarh	6983	957
Sector 14, Chandigarh	Sector 44, Chandigarh	8034	1127
Sector 14, Chandigarh	Sector 45, Chandigarh	8705	1162
Sector 16, Chandigarh	Sector 15, Chandigarh	940	163
Sector 17, Chandigarh	Sector 15, Chandigarh	1614	303
Sector 15, Chandigarh	Sector 18, Chandigarh	3931	558
Sector 15, Chandigarh	Sector 19, Chandigarh	4441	611
Sector 15, Chandigarh	Sector 20, Chandigarh	4778	767
Sector 21, Chandigarh	Sector 15, Chandigarh	3823	611
Sector 22, Chandigarh	Sector 15, Chandigarh	3164	518
Sector 15, Chandigarh	Sector 23, Chandigarh	2060	279
Sector 15, Chandigarh	Sector 24, Chandigarh	1939	302
Sector 25, Chandigarh	Sector 15, Chandigarh	2905	415
Sector 26, Chandigarh	Sector 15, Chandigarh	6422	729
Sector 15, Chandigarh	Sector 27, Chandigarh	5265	727
Sector 15, Chandigarh	Sector 28, Chandigarh	6193	852
Sector 29, Chandigarh	Sector 15, Chandigarh	6091	827
Sector 15, Chandigarh	Sector 30, Chandigarh	5340	774
Sector 15, Chandigarh	Sector 31, Chandigarh	7923	1112
Sector 15, Chandigarh	Sector 32, Chandigarh	6657	940
Sector 15, Chandigarh	Sector 33, Chandigarh	6315	941
Sector 15, Chandigarh	Sector 34, Chandigarh	5195	754
Sector 35, Chandigarh	Sector 15, Chandigarh	4253	587
Sector 15, Chandigarh	Sector 36, Chandigarh	3312	458
Sector 15, Chandigarh	Sector 37, Chandigarh	3341	484
Sector 15, Chandigarh	Sector 38, Chandigarh	4524	602
Sector 15, Chandigarh	Sector 39, Chandigarh	6113	762
Sector 15, Chandigarh	Sector 40, Chandigarh	5277	670
Sector 15, Chandigarh	Sector 41, Chandigarh	4810	642
Sector 42, Chandigarh	Sector 15, Chandigarh	5022	631
Sector 43, Chandigarh	Sector 15, Chandigarh	5618	763
Sector 15, Chandigarh	Sector 44, Chandigarh	6669	933
Sector 15, Chandigarh	Sector 45, Chandigarh	7340	967
Sector 16, Chandigarh	Sector 17, Chandigarh	675	139
Sector 16, Chandigarh	Sector 18, Chandigarh	2291	418
Sector 16, Chandigarh	Sector 19, Chandigarh	3746	507
Sector 16, Chandigarh	Sector 20, Chandigarh	3921	649
Sector 16, Chandigarh	Sector 21, Chandigarh	2966	493
Sector 16, Chandigarh	Sector 22, Chandigarh	2306	401
Sector 16, Chandigarh	Sector 23, Chandigarh	1466	175
Sector 16, Chandigarh	Sector 24, Chandigarh	2028	280
Sector 16, Chandigarh	Sector 25, Chandigarh	2993	393
Sector 16, Chandigarh	Sector 26, Chandigarh	5729	634
Sector 16, Chandigarh	Sector 27, Chandigarh	4570	622
Sector 16, Chandigarh	Sector 28, Chandigarh	5498	748
Sector 16, Chandigarh	Sector 29, Chandigarh	5234	710
Sector 16, Chandigarh	Sector 30, Chandigarh	4482	656
Sector 16, Chandigarh	Sector 31, Chandigarh	7065	994
Sector 16, Chandigarh	Sector 32, Chandigarh	5767	834
Sector 16, Chandigarh	Sector 33, Chandigarh	5469	841
Sector 16, Chandigarh	Sector 34, Chandigarh	4349	654
Sector 16, Chandigarh	Sector 35, Chandigarh	3423	502
Sector 16, Chandigarh	Sector 36, Chandigarh	3401	436
Sector 16, Chandigarh	Sector 37, Chandigarh	3430	462
Sector 16, Chandigarh	Sector 38, Chandigarh	4613	580
Sector 16, Chandigarh	Sector 39, Chandigarh	6202	740
Sector 16, Chandigarh	Sector 40, Chandigarh	5366	648
Sector 16, Chandigarh	Sector 41, Chandigarh	4899	621
Sector 16, Chandigarh	Sector 42, Chandigarh	5111	609
Sector 16, Chandigarh	Sector 43, Chandigarh	4813	689
Sector 16, Chandigarh	Sector 44, Chandigarh	5851	852
Sector 16, Chandigarh	Sector 45, Chandigarh	6522	887
Sector 17, Chandigarh	Sector 18, Chandigarh	1594	351
Sector 17, Chandigarh	Sector 19, Chandigarh	2088	459
Sector 17, Chandigarh	Sector 20, Chandigarh	3676	617
Sector 21, Chandigarh	Sector 17, Chandigarh	2720	460
Sector 22, Chandigarh	Sector 17, Chandigarh	2061	368
Sector 17, Chandigarh	Sector 23, Chandigarh	2043	276
Sector 17, Chandigarh	Sector 24, Chandigarh	2605	381
Sector 17, Chandigarh	Sector 25, Chandigarh	3570	494
Sector 17, Chandigarh	Sector 26, Chandigarh	5708	658
Sector 17, Chandigarh	Sector 27, Chandigarh	2951	619
Sector 17, Chandigarh	Sector 28, Chandigarh	5114	718
Sector 29, Chandigarh	Sector 17, Chandigarh	4988	677
Sector 17, Chandigarh	Sector 30, Chandigarh	4237	623
Sector 17, Chandigarh	Sector 31, Chandigarh	6820	961
Sector 17, Chandigarh	Sector 32, Chandigarh	5521	801
Sector 17, Chandigarh	Sector 33, Chandigarh	5223	808
Sector 17, Chandigarh	Sector 34, Chandigarh	4104	621
Sector 17, Chandigarh	Sector 35, Chandigarh	3178	469
Sector 17, Chandigarh	Sector 36, Chandigarh	3461	499
Sector 17, Chandigarh	Sector 37, Chandigarh	4007	563
Sector 17, Chandigarh	Sector 38, Chandigarh	5190	681
Sector 17, Chandigarh	Sector 39, Chandigarh	6779	841
Sector 17, Chandigarh	Sector 40, Chandigarh	5943	749
Sector 17, Chandigarh	Sector 41, Chandigarh	5476	721
Sector 42, Chandigarh	Sector 17, Chandigarh	4767	649
Sector 17, Chandigarh	Sector 43, Chandigarh	4568	656
Sector 17, Chandigarh	Sector 44, Chandigarh	5606	819
Sector 17, Chandigarh	Sector 45, Chandigarh	6277	854
Sector 18, Chandigarh	Sector 19, Chandigarh	494	107
Sector 20, Chandigarh	Sector 18, Chandigarh	2113	372
Sector 21, Chandigarh	Sector 18, Chandigarh	2371	387
Sector 22, Chandigarh	Sector 18, Chandigarh	2269	413
Sector 23, Chandigarh	Sector 18, Chandigarh	3463	545
Sector 18, Chandigarh	Sector 24, Chandigarh	4025	650
Sector 25, Chandigarh	Sector 18, Chandigarh	4990	762
Sector 26, Chandigarh	Sector 18, Chandigarh	3083	439
Sector 27, Chandigarh	Sector 18, Chandigarh	1357	268
Sector 28, Chandigarh	Sector 18, Chandigarh	2274	423
Sector 29, Chandigarh	Sector 18, Chandigarh	3408	421
Sector 18, Chandigarh	Sector 30, Chandigarh	2657	368
Sector 18, Chandigarh	Sector 31, Chandigarh	5239	706
Sector 18, Chandigarh	Sector 32, Chandigarh	3994	555
Sector 33, Chandigarh	Sector 18, Chandigarh	3927	587
Sector 34, Chandigarh	Sector 18, Chandigarh	3372	562
Sector 35, Chandigarh	Sector 18, Chandigarh	4392	689
Sector 36, Chandigarh	Sector 18, Chandigarh	4947	748
Sector 37, Chandigarh	Sector 18, Chandigarh	5427	831
Sector 18, Chandigarh	Sector 38, Chandigarh	6610	949
Sector 18, Chandigarh	Sector 39, Chandigarh	8199	1110
Sector 40, Chandigarh	Sector 18, Chandigarh	7363	1018
Sector 18, Chandigarh	Sector 41, Chandigarh	6896	990
Sector 42, Chandigarh	Sector 18, Chandigarh	6662	898
Sector 43, Chandigarh	Sector 18, Chandigarh	5596	813
Sector 44, Chandigarh	Sector 18, Chandigarh	5019	773
Sector 18, Chandigarh	Sector 45, Chandigarh	4708	701
Sector 20, Chandigarh	Sector 19, Chandigarh	2114	364
Sector 21, Chandigarh	Sector 19, Chandigarh	2372	380
Sector 22, Chandigarh	Sector 19, Chandigarh	2671	407
Sector 23, Chandigarh	Sector 19, Chandigarh	3882	565
Sector 24, Chandigarh	Sector 19, Chandigarh	4445	671
Sector 25, Chandigarh	Sector 19, Chandigarh	5410	783
Sector 26, Chandigarh	Sector 19, Chandigarh	2513	397
Sector 27, Chandigarh	Sector 19, Chandigarh	840	156
Sector 28, Chandigarh	Sector 19, Chandigarh	1757	311
Sector 29, Chandigarh	Sector 19, Chandigarh	2951	375
Sector 30, Chandigarh	Sector 19, Chandigarh	2200	321
Sector 19, Chandigarh	Sector 31, Chandigarh	4782	659
Sector 32, Chandigarh	Sector 19, Chandigarh	3537	509
Sector 33, Chandigarh	Sector 19, Chandigarh	3470	541
Sector 34, Chandigarh	Sector 19, Chandigarh	3373	554
Sector 35, Chandigarh	Sector 19, Chandigarh	4393	681
Sector 36, Chandigarh	Sector 19, Chandigarh	5349	742
Sector 37, Chandigarh	Sector 19, Chandigarh	5846	852
Sector 38, Chandigarh	Sector 19, Chandigarh	7029	970
Sector 39, Chandigarh	Sector 19, Chandigarh	8618	1131
Sector 40, Chandigarh	Sector 19, Chandigarh	7782	1038
Sector 19, Chandigarh	Sector 41, Chandigarh	7269	979
Sector 42, Chandigarh	Sector 19, Chandigarh	6663	891
Sector 43, Chandigarh	Sector 19, Chandigarh	5597	805
Sector 44, Chandigarh	Sector 19, Chandigarh	5020	765
Sector 45, Chandigarh	Sector 19, Chandigarh	4709	693
Sector 21, Chandigarh	Sector 20, Chandigarh	1350	298
Sector 22, Chandigarh	Sector 20, Chandigarh	1643	388
Sector 20, Chandigarh	Sector 23, Chandigarh	4086	642
Sector 20, Chandigarh	Sector 24, Chandigarh	4648	747
Sector 25, Chandigarh	Sector 20, Chandigarh	5614	859
Sector 26, Chandigarh	Sector 20, Chandigarh	3834	641
Sector 20, Chandigarh	Sector 27, Chandigarh	2143	386
Sector 20, Chandigarh	Sector 28, Chandigarh	3072	469
Sector 29, Chandigarh	Sector 20, Chandigarh	1567	326
Sector 20, Chandigarh	Sector 30, Chandigarh	797	199
Sector 20, Chandigarh	Sector 31, Chandigarh	3331	543
Sector 20, Chandigarh	Sector 32, Chandigarh	2120	369
Sector 20, Chandigarh	Sector 33, Chandigarh	2053	401
Sector 20, Chandigarh	Sector 34, Chandigarh	2170	428
Sector 35, Chandigarh	Sector 20, Chandigarh	3190	555
Sector 20, Chandigarh	Sector 36, Chandigarh	4173	633
Sector 20, Chandigarh	Sector 37, Chandigarh	4638	749
Sector 20, Chandigarh	Sector 38, Chandigarh	5821	870
Sector 20, Chandigarh	Sector 39, Chandigarh	7410	1030
Sector 20, Chandigarh	Sector 40, Chandigarh	6574	938
Sector 20, Chandigarh	Sector 41, Chandigarh	6091	873
Sector 42, Chandigarh	Sector 20, Chandigarh	5460	765
Sector 43, Chandigarh	Sector 20, Chandigarh	4394	679
Sector 20, Chandigarh	Sector 44, Chandigarh	3817	639
Sector 20, Chandigarh	Sector 45, Chandigarh	3506	567
Sector 21, Chandigarh	Sector 22, Chandigarh	685	185
Sector 21, Chandigarh	Sector 23, Chandigarh	1825	474
Sector 21, Chandigarh	Sector 24, Chandigarh	3708	616
Sector 21, Chandigarh	Sector 25, Chandigarh	4673	729
Sector 21, Chandigarh	Sector 26, Chandigarh	4962	754
Sector 21, Chandigarh	Sector 27, Chandigarh	3267	512
Sector 21, Chandigarh	Sector 28, Chandigarh	4197	594
Sector 21, Chandigarh	Sector 29, Chandigarh	2783	509
Sector 21, Chandigarh	Sector 30, Chandigarh	2013	383
Sector 21, Chandigarh	Sector 31, Chandigarh	4444	680
Sector 21, Chandigarh	Sector 32, Chandigarh	3207	485
Sector 21, Chandigarh	Sector 33, Chandigarh	3140	517
Sector 21, Chandigarh	Sector 34, Chandigarh	2130	358
Sector 21, Chandigarh	Sector 35, Chandigarh	2380	429
Sector 21, Chandigarh	Sector 36, Chandigarh	3343	486
Sector 21, Chandigarh	Sector 37, Chandigarh	3807	602
Sector 21, Chandigarh	Sector 38, Chandigarh	4990	723
Sector 21, Chandigarh	Sector 39, Chandigarh	6579	883
Sector 21, Chandigarh	Sector 40, Chandigarh	5743	791
Sector 21, Chandigarh	Sector 41, Chandigarh	5263	724
Sector 21, Chandigarh	Sector 42, Chandigarh	4650	636
Sector 21, Chandigarh	Sector 43, Chandigarh	3554	578
Sector 21, Chandigarh	Sector 44, Chandigarh	3648	615
Sector 21, Chandigarh	Sector 45, Chandigarh	3820	624
Sector 22, Chandigarh	Sector 23, Chandigarh	1121	285
Sector 22, Chandigarh	Sector 24, Chandigarh	2961	459
Sector 22, Chandigarh	Sector 25, Chandigarh	3927	572
Sector 22, Chandigarh	Sector 26, Chandigarh	5222	786
Sector 22, Chandigarh	Sector 27, Chandigarh	3547	558
Sector 22, Chandigarh	Sector 28, Chandigarh	4476	641
Sector 29, Chandigarh	Sector 22, Chandigarh	3065	574
Sector 22, Chandigarh	Sector 30, Chandigarh	2296	448
Sector 22, Chandigarh	Sector 31, Chandigarh	4705	713
Sector 22, Chandigarh	Sector 32, Chandigarh	3468	517
Sector 22, Chandigarh	Sector 33, Chandigarh	3126	518
Sector 22, Chandigarh	Sector 34, Chandigarh	2005	349
Sector 22, Chandigarh	Sector 35, Chandigarh	2359	416
Sector 22, Chandigarh	Sector 36, Chandigarh	2642	445
Sector 22, Chandigarh	Sector 37, Chandigarh	3087	540
Sector 22, Chandigarh	Sector 38, Chandigarh	4270	661
Sector 22, Chandigarh	Sector 39, Chandigarh	5859	821
Sector 22, Chandigarh	Sector 40, Chandigarh	5023	729
Sector 22, Chandigarh	Sector 41, Chandigarh	4562	683
Sector 42, Chandigarh	Sector 22, Chandigarh	3949	595
Sector 22, Chandigarh	Sector 43, Chandigarh	3429	569
Sector 22, Chandigarh	Sector 44, Chandigarh	3523	606
Sector 22, Chandigarh	Sector 45, Chandigarh	4182	631
Sector 23, Chandigarh	Sector 24, Chandigarh	1031	185
Sector 25, Chandigarh	Sector 23, Chandigarh	1866	341
Sector 26, Chandigarh	Sector 23, Chandigarh	7198	874
Sector 27, Chandigarh	Sector 23, Chandigarh	4707	739
Sector 28, Chandigarh	Sector 23, Chandigarh	5637	821
Sector 29, Chandigarh	Sector 23, Chandigarh	5511	780
Sector 23, Chandigarh	Sector 30, Chandigarh	4438	667
Sector 23, Chandigarh	Sector 31, Chandigarh	5666	862
Sector 23, Chandigarh	Sector 32, Chandigarh	4429	667
Sector 33, Chandigarh	Sector 23, Chandigarh	4087	667
Sector 34, Chandigarh	Sector 23, Chandigarh	2967	480
Sector 35, Chandigarh	Sector 23, Chandigarh	2041	329
Sector 36, Chandigarh	Sector 23, Chandigarh	2159	293
Sector 37, Chandigarh	Sector 23, Chandigarh	2189	319
Sector 23, Chandigarh	Sector 38, Chandigarh	3372	437
Sector 23, Chandigarh	Sector 39, Chandigarh	4961	597
Sector 40, Chandigarh	Sector 23, Chandigarh	4124	505
Sector 23, Chandigarh	Sector 41, Chandigarh	3657	477
Sector 42, Chandigarh	Sector 23, Chandigarh	3870	466
Sector 43, Chandigarh	Sector 23, Chandigarh	3431	515
Sector 44, Chandigarh	Sector 23, Chandigarh	4469	679
Sector 23, Chandigarh	Sector 45, Chandigarh	5141	713
Sector 25, Chandigarh	Sector 24, Chandigarh	1165	239
Sector 26, Chandigarh	Sector 24, Chandigarh	7827	931
Sector 27, Chandigarh	Sector 24, Chandigarh	5338	806
Sector 28, Chandigarh	Sector 24, Chandigarh	6268	888
Sector 29, Chandigarh	Sector 24, Chandigarh	6142	846
Sector 24, Chandigarh	Sector 30, Chandigarh	5391	793
Sector 24, Chandigarh	Sector 31, Chandigarh	6676	1000
Sector 24, Chandigarh	Sector 32, Chandigarh	5439	805
Sector 33, Chandigarh	Sector 24, Chandigarh	5097	805
Sector 34, Chandigarh	Sector 24, Chandigarh	3978	618
Sector 35, Chandigarh	Sector 24, Chandigarh	3036	451
Sector 36, Chandigarh	Sector 24, Chandigarh	2095	320
Sector 37, Chandigarh	Sector 24, Chandigarh	2124	345
Sector 38, Chandigarh	Sector 24, Chandigarh	2664	426
Sector 39, Chandigarh	Sector 24, Chandigarh	4252	586
Sector 40, Chandigarh	Sector 24, Chandigarh	3416	494
Sector 24, Chandigarh	Sector 41, Chandigarh	3593	504
Sector 42, Chandigarh	Sector 24, Chandigarh	3805	492
Sector 43, Chandigarh	Sector 24, Chandigarh	4401	625
Sector 44, Chandigarh	Sector 24, Chandigarh	5452	795
Sector 24, Chandigarh	Sector 45, Chandigarh	6123	829
Sector 25, Chandigarh	Sector 26, Chandigarh	8712	1047
Sector 25, Chandigarh	Sector 27, Chandigarh	6223	922
Sector 25, Chandigarh	Sector 28, Chandigarh	7152	1004
Sector 29, Chandigarh	Sector 25, Chandigarh	7027	963
Sector 25, Chandigarh	Sector 30, Chandigarh	6177	887
Sector 25, Chandigarh	Sector 31, Chandigarh	7405	1083
Sector 25, Chandigarh	Sector 32, Chandigarh	6168	887
Sector 25, Chandigarh	Sector 33, Chandigarh	5826	888
Sector 25, Chandigarh	Sector 34, Chandigarh	4707	700
Sector 25, Chandigarh	Sector 35, Chandigarh	3765	533
Sector 25, Chandigarh	Sector 36, Chandigarh	2823	402
Sector 25, Chandigarh	Sector 37, Chandigarh	2429	366
Sector 25, Chandigarh	Sector 38, Chandigarh	2431	363
Sector 25, Chandigarh	Sector 39, Chandigarh	4019	524
Sector 25, Chandigarh	Sector 40, Chandigarh	3183	431
Sector 25, Chandigarh	Sector 41, Chandigarh	3632	536
Sector 42, Chandigarh	Sector 25, Chandigarh	4550	564
Sector 25, Chandigarh	Sector 43, Chandigarh	5157	699
Sector 25, Chandigarh	Sector 44, Chandigarh	6208	869
Sector 25, Chandigarh	Sector 45, Chandigarh	6880	903
Sector 26, Chandigarh	Sector 27, Chandigarh	2161	358
Sector 26, Chandigarh	Sector 28, Chandigarh	2118	346
Sector 29, Chandigarh	Sector 26, Chandigarh	3347	483
Sector 26, Chandigarh	Sector 30, Chandigarh	3702	513
Sector 26, Chandigarh	Sector 31, Chandigarh	5178	767
Sector 26, Chandigarh	Sector 32, Chandigarh	4900	752
Sector 26, Chandigarh	Sector 33, Chandigarh	4833	784
Sector 26, Chandigarh	Sector 34, Chandigarh	5958	910
Sector 35, Chandigarh	Sector 26, Chandigarh	7562	1034
Sector 26, Chandigarh	Sector 36, Chandigarh	7844	1064
Sector 26, Chandigarh	Sector 37, Chandigarh	8399	1123
Sector 26, Chandigarh	Sector 38, Chandigarh	9581	1242
Sector 26, Chandigarh	Sector 39, Chandigarh	11170	1402
Sector 26, Chandigarh	Sector 40, Chandigarh	10334	1310
Sector 26, Chandigarh	Sector 41, Chandigarh	9867	1282
Sector 42, Chandigarh	Sector 26, Chandigarh	9151	1213
Sector 43, Chandigarh	Sector 26, Chandigarh	8182	1161
Sector 26, Chandigarh	Sector 44, Chandigarh	7605	1121
Sector 26, Chandigarh	Sector 45, Chandigarh	6855	1040
Sector 27, Chandigarh	Sector 28, Chandigarh	917	155
Sector 29, Chandigarh	Sector 27, Chandigarh	2082	251
Sector 27, Chandigarh	Sector 30, Chandigarh	1898	276
Sector 27, Chandigarh	Sector 31, Chandigarh	3914	536
Sector 27, Chandigarh	Sector 32, Chandigarh	3236	464
Sector 27, Chandigarh	Sector 33, Chandigarh	3169	496
Sector 27, Chandigarh	Sector 34, Chandigarh	4228	662
Sector 35, Chandigarh	Sector 27, Chandigarh	5247	789
Sector 27, Chandigarh	Sector 36, Chandigarh	6219	859
Sector 27, Chandigarh	Sector 37, Chandigarh	6716	969
Sector 27, Chandigarh	Sector 38, Chandigarh	7899	1088
Sector 27, Chandigarh	Sector 39, Chandigarh	9488	1248
Sector 27, Chandigarh	Sector 40, Chandigarh	8652	1156
Sector 27, Chandigarh	Sector 41, Chandigarh	8190	1087
Sector 42, Chandigarh	Sector 27, Chandigarh	7559	979
Sector 43, Chandigarh	Sector 27, Chandigarh	6493	893
Sector 27, Chandigarh	Sector 44, Chandigarh	5916	853
Sector 27, Chandigarh	Sector 45, Chandigarh	5191	752
Sector 29, Chandigarh	Sector 28, Chandigarh	1930	233
Sector 28, Chandigarh	Sector 30, Chandigarh	2285	263
Sector 28, Chandigarh	Sector 31, Chandigarh	3762	517
Sector 28, Chandigarh	Sector 32, Chandigarh	4146	511
Sector 33, Chandigarh	Sector 28, Chandigarh	4079	543
Sector 34, Chandigarh	Sector 28, Chandigarh	5139	711
Sector 35, Chandigarh	Sector 28, Chandigarh	6174	853
Sector 36, Chandigarh	Sector 28, Chandigarh	7140	930
Sector 37, Chandigarh	Sector 28, Chandigarh	7638	1040
Sector 28, Chandigarh	Sector 38, Chandigarh	8821	1159
Sector 28, Chandigarh	Sector 39, Chandigarh	10410	1319
Sector 40, Chandigarh	Sector 28, Chandigarh	9573	1227
Sector 28, Chandigarh	Sector 41, Chandigarh	9100	1134
Sector 42, Chandigarh	Sector 28, Chandigarh	8469	1026
Sector 43, Chandigarh	Sector 28, Chandigarh	7403	941
Sector 44, Chandigarh	Sector 28, Chandigarh	6826	900
Sector 28, Chandigarh	Sector 45, Chandigarh	6101	799
Sector 29, Chandigarh	Sector 30, Chandigarh	770	134
Sector 29, Chandigarh	Sector 31, Chandigarh	2261	332
Sector 29, Chandigarh	Sector 32, Chandigarh	2227	349
Sector 29, Chandigarh	Sector 33, Chandigarh	2604	402
Sector 29, Chandigarh	Sector 34, Chandigarh	3664	569
Sector 29, Chandigarh	Sector 35, Chandigarh	4699	712
Sector 29, Chandigarh	Sector 36, Chandigarh	5683	790
Sector 29, Chandigarh	Sector 37, Chandigarh	6147	905
Sector 29, Chandigarh	Sector 38, Chandigarh	7330	1026
Sector 29, Chandigarh	Sector 39, Chandigarh	8929	1169
Sector 29, Chandigarh	Sector 40, Chandigarh	8093	1077
Sector 29, Chandigarh	Sector 41, Chandigarh	7609	981
Sector 29, Chandigarh	Sector 42, Chandigarh	6978	873
Sector 29, Chandigarh	Sector 43, Chandigarh	5912	787
Sector 29, Chandigarh	Sector 44, Chandigarh	5335	747
Sector 29, Chandigarh	Sector 45, Chandigarh	4610	646
Sector 30, Chandigarh	Sector 31, Chandigarh	2581	393
Sector 30, Chandigarh	Sector 32, Chandigarh	1860	248
Sector 33, Chandigarh	Sector 30, Chandigarh	1793	280
Sector 34, Chandigarh	Sector 30, Chandigarh	2854	448
Sector 35, Chandigarh	Sector 30, Chandigarh	3889	590
Sector 36, Chandigarh	Sector 30, Chandigarh	4872	668
Sector 37, Chandigarh	Sector 30, Chandigarh	5337	784
Sector 38, Chandigarh	Sector 30, Chandigarh	6520	905
Sector 39, Chandigarh	Sector 30, Chandigarh	8134	1060
Sector 40, Chandigarh	Sector 30, Chandigarh	7298	968
Sector 30, Chandigarh	Sector 41, Chandigarh	6814	872
Sector 42, Chandigarh	Sector 30, Chandigarh	6183	763
Sector 43, Chandigarh	Sector 30, Chandigarh	5117	678
Sector 44, Chandigarh	Sector 30, Chandigarh	4540	638
Sector 30, Chandigarh	Sector 45, Chandigarh	3815	537
Sector 32, Chandigarh	Sector 31, Chandigarh	1513	283
Sector 33, Chandigarh	Sector 31, Chandigarh	2516	435
Sector 34, Chandigarh	Sector 31, Chandigarh	4385	615
Sector 35, Chandigarh	Sector 31, Chandigarh	5412	778
Sector 36, Chandigarh	Sector 31, Chandigarh	6371	823
Sector 37, Chandigarh	Sector 31, Chandigarh	6825	879
Sector 38, Chandigarh	Sector 31, Chandigarh	8011	1043
Sector 39, Chandigarh	Sector 31, Chandigarh	8201	1072
Sector 40, Chandigarh	Sector 31, Chandigarh	7364	980
Sector 41, Chandigarh	Sector 31, Chandigarh	6881	884
Sector 42, Chandigarh	Sector 31, Chandigarh	6250	776
Sector 43, Chandigarh	Sector 31, Chandigarh	5184	691
Sector 44, Chandigarh	Sector 31, Chandigarh	4607	650
Sector 45, Chandigarh	Sector 31, Chandigarh	3882	549
Sector 33, Chandigarh	Sector 32, Chandigarh	1003	153
Sector 34, Chandigarh	Sector 32, Chandigarh	1601	320
Sector 35, Chandigarh	Sector 32, Chandigarh	2639	519
Sector 36, Chandigarh	Sector 32, Chandigarh	4728	637
Sector 37, Chandigarh	Sector 32, Chandigarh	5329	698
Sector 38, Chandigarh	Sector 32, Chandigarh	6515	863
Sector 39, Chandigarh	Sector 32, Chandigarh	6705	891
Sector 40, Chandigarh	Sector 32, Chandigarh	5869	799
Sector 32, Chandigarh	Sector 41, Chandigarh	5385	703
Sector 42, Chandigarh	Sector 32, Chandigarh	4754	595
Sector 43, Chandigarh	Sector 32, Chandigarh	3688	510
Sector 44, Chandigarh	Sector 32, Chandigarh	3111	469
Sector 45, Chandigarh	Sector 32, Chandigarh	2386	368
Sector 34, Chandigarh	Sector 33, Chandigarh	1088	245
Sector 35, Chandigarh	Sector 33, Chandigarh	2725	447
Sector 36, Chandigarh	Sector 33, Chandigarh	3709	526
Sector 37, Chandigarh	Sector 33, Chandigarh	4174	641
Sector 33, Chandigarh	Sector 38, Chandigarh	5357	762
Sector 33, Chandigarh	Sector 39, Chandigarh	6329	874
Sector 40, Chandigarh	Sector 33, Chandigarh	5493	782
Sector 33, Chandigarh	Sector 41, Chandigarh	5010	686
Sector 42, Chandigarh	Sector 33, Chandigarh	4379	577
Sector 43, Chandigarh	Sector 33, Chandigarh	3313	492
Sector 33, Chandigarh	Sector 44, Chandigarh	2736	452
Sector 33, Chandigarh	Sector 45, Chandigarh	2424	380
Sector 35, Chandigarh	Sector 34, Chandigarh	1034	198
Sector 34, Chandigarh	Sector 36, Chandigarh	2095	346
Sector 34, Chandigarh	Sector 37, Chandigarh	2707	484
Sector 34, Chandigarh	Sector 38, Chandigarh	5017	675
Sector 34, Chandigarh	Sector 39, Chandigarh	5207	704
Sector 34, Chandigarh	Sector 40, Chandigarh	4371	612
Sector 34, Chandigarh	Sector 41, Chandigarh	3887	516
Sector 42, Chandigarh	Sector 34, Chandigarh	3256	408
Sector 43, Chandigarh	Sector 34, Chandigarh	2190	320
Sector 34, Chandigarh	Sector 44, Chandigarh	2284	357
Sector 34, Chandigarh	Sector 45, Chandigarh	2162	332
Sector 35, Chandigarh	Sector 36, Chandigarh	1062	148
Sector 35, Chandigarh	Sector 37, Chandigarh	1674	286
Sector 35, Chandigarh	Sector 38, Chandigarh	3972	503
Sector 35, Chandigarh	Sector 39, Chandigarh	4302	573
Sector 35, Chandigarh	Sector 40, Chandigarh	3465	481
Sector 35, Chandigarh	Sector 41, Chandigarh	2982	385
Sector 42, Chandigarh	Sector 35, Chandigarh	2368	297
Sector 43, Chandigarh	Sector 35, Chandigarh	2169	304
Sector 35, Chandigarh	Sector 44, Chandigarh	2675	421
Sector 35, Chandigarh	Sector 45, Chandigarh	3346	455
Sector 36, Chandigarh	Sector 37, Chandigarh	612	138
Sector 36, Chandigarh	Sector 38, Chandigarh	1949	360
Sector 36, Chandigarh	Sector 39, Chandigarh	3374	454
Sector 36, Chandigarh	Sector 40, Chandigarh	2538	362
Sector 36, Chandigarh	Sector 41, Chandigarh	2055	266
Sector 42, Chandigarh	Sector 36, Chandigarh	2267	254
Sector 43, Chandigarh	Sector 36, Chandigarh	2323	325
Sector 36, Chandigarh	Sector 44, Chandigarh	3374	495
Sector 36, Chandigarh	Sector 45, Chandigarh	4045	530
Sector 37, Chandigarh	Sector 38, Chandigarh	1343	226
Sector 37, Chandigarh	Sector 39, Chandigarh	2932	386
Sector 37, Chandigarh	Sector 40, Chandigarh	2096	294
Sector 37, Chandigarh	Sector 41, Chandigarh	1596	300
Sector 42, Chandigarh	Sector 37, Chandigarh	2294	285
Sector 43, Chandigarh	Sector 37, Chandigarh	2890	418
Sector 37, Chandigarh	Sector 44, Chandigarh	3941	587
Sector 37, Chandigarh	Sector 45, Chandigarh	4612	622
Sector 39, Chandigarh	Sector 38, Chandigarh	1661	202
Sector 40, Chandigarh	Sector 38, Chandigarh	1058	184
Sector 38, Chandigarh	Sector 41, Chandigarh	2551	388
Sector 42, Chandigarh	Sector 38, Chandigarh	3469	415
Sector 43, Chandigarh	Sector 38, Chandigarh	4076	551
Sector 44, Chandigarh	Sector 38, Chandigarh	5127	721
Sector 38, Chandigarh	Sector 45, Chandigarh	5799	755
Sector 40, Chandigarh	Sector 39, Chandigarh	1751	299
Sector 39, Chandigarh	Sector 41, Chandigarh	2089	440
Sector 42, Chandigarh	Sector 39, Chandigarh	3810	468
Sector 43, Chandigarh	Sector 39, Chandigarh	4962	604
Sector 44, Chandigarh	Sector 39, Chandigarh	5966	806
Sector 39, Chandigarh	Sector 45, Chandigarh	6447	848
Sector 40, Chandigarh	Sector 41, Chandigarh	1131	258
Sector 42, Chandigarh	Sector 40, Chandigarh	1923	322
Sector 43, Chandigarh	Sector 40, Chandigarh	2952	478
Sector 40, Chandigarh	Sector 44, Chandigarh	4556	678
Sector 40, Chandigarh	Sector 45, Chandigarh	5227	713
Sector 42, Chandigarh	Sector 41, Chandigarh	776	125
Sector 43, Chandigarh	Sector 41, Chandigarh	1806	282
Sector 44, Chandigarh	Sector 41, Chandigarh	2840	489
Sector 45, Chandigarh	Sector 41, Chandigarh	4780	621
Sector 42, Chandigarh	Sector 43, Chandigarh	1030	157
Sector 42, Chandigarh	Sector 44, Chandigarh	2064	364
Sector 42, Chandigarh	Sector 45, Chandigarh	2956	500
Sector 43, Chandigarh	Sector 44, Chandigarh	1035	208
Sector 43, Chandigarh	Sector 45, Chandigarh	1926	343
Sector 44, Chandigarh	Sector 45, Chandigarh	1165	246